label	precision	recall	f1	support
B	0.758427	0.836431	0.795522	807
M	0.711712	0.265993	0.387255	297
E	0.764045	0.842627	0.801414	807
S	0.787356	0.810651	0.798834	676
