model,best_param,best_dev_macro_f1,test_acc,test_macro_p,test_macro_r,test_macro_f1,test_weighted_f1
SVM,C=0.5,0.9608130431659843,0.9625,0.9633928571428572,0.9624999999999999,0.962644621638524,0.962644621638524
LR,C=5.0,0.9608130431659843,0.95625,0.9576736732259987,0.95625,0.9564567178157616,0.9564567178157615
NB,alpha=2.0,0.9605536600496278,0.95625,0.9563789868667918,0.95625,0.956165025785279,0.956165025785279
