label	precision	recall	f1	support
B	0.816667	0.888706	0.851165	1213
M	0.650407	0.246154	0.357143	325
E	0.820455	0.892828	0.855113	1213
S	0.828125	0.815385	0.821705	780
