label	precision	recall	f1	support
B	0.823622	0.862325	0.842529	1213
M	0.485149	0.301538	0.371917	325
E	0.818898	0.857378	0.837696	1213
S	0.808619	0.817949	0.813257	780
