label	precision	recall	f1	support
B	0.784427	0.896950	0.836923	1213
M	0.823529	0.086154	0.155989	325
E	0.786590	0.899423	0.839231	1213
S	0.827109	0.766667	0.795742	780
