alpha,dev_accuracy,dev_macro_precision,dev_macro_recall,dev_macro_f1
1.000000,0.791903,0.781503,0.711413,0.726103
0.500000,0.795687,0.774580,0.725861,0.739548
0.100000,0.789633,0.748950,0.730502,0.737605
0.050000,0.790011,0.749208,0.732732,0.739278
0.010000,0.790011,0.748174,0.735984,0.741141
